accession	length	is_reference	phylum	class	organism	taxid	paper_tax_score	paper_sequence_score	hmm_score	hmm_domain_bitscore	hmm_evalue	experiment_round	activity_mU_mg	activity_sd	yield_mg_L	soluble_label	active_label	high_activity_label
A0A010RMG6	656	0	Ascomycota	Sordariomycetes	Colletotrichum fioriniae PJ7	1445577	0.0002497227114343345	33.599999999999994	1251.1	1250.73669433594	0.0							
A0A017SR18	664	0	Ascomycota	Eurotiomycetes	Aspergillus ruber CBS 135680	1388766	0.0009667383290631679	33.9	1262.6	1262.40893554688	0.0							
A0A060SVX6	644	0	Basidiomycota	Agaricomycetes	Trametes cinnabarina	5643	0.0008159640056539039	33.599999999999994	1135.0	1134.83642578125	0.0							
A0A066X5A7	656	0	Ascomycota	Sordariomycetes	Colletotrichum sublineola	1173701	0.0002497227114343345	33.599999999999994	1241.7	1241.47448730469	0.0							
A0A067N510	647	0	Basidiomycota	Agaricomycetes	Pleurotus ostreatus PC15	1137138	0.00021906786558250385	33.599999999999994	1061.4	1061.07971191406	6.4e-316							
A0A067PQ89	643	0	Basidiomycota	Agaricomycetes	Jaapia argillacea MUCL 33604	933084	0.00021906786558250385	33.599999999999994	1099.9	1099.70629882812	0.0							
A0A067SV84	638	0	Basidiomycota	Agaricomycetes	Galerina marginata CBS 339.88	685588	0.00021906786558250385	33.599999999999994	983.5	980.145141601562	1.8e-292							
A0A072PRU7	659	0	Ascomycota	Eurotiomycetes	Exophiala aquamarina CBS 119918	1182545	0.0004887094078415678	33.599999999999994	1245.1	1244.98767089844	0.0							
A0A074S3I4	641	0	Basidiomycota	Agaricomycetes	Rhizoctonia solani 123E	1423351	0.00021906786558250385	33.599999999999994	1021.3	1021.00329589844	6.6e-304							
A0A074W4F7	652	0	Ascomycota	Dothideomycetes	Aureobasidium melanogenum CBS 110374	1043003	0.00028961420656757207	34.0	1210.1	1209.44677734375	0.0							
A0A074WF13	665	0	Ascomycota	Dothideomycetes	Aureobasidium namibiae CBS 147.97	1043004	0.00028961420656757207	34.0	1258.4	1258.22705078125	0.0							
A0A074XWT8	665	0	Ascomycota	Dothideomycetes	Aureobasidium pullulans EXF-150	1043002	0.00028961420656757207	34.0	1266.7	1266.51159667969	0.0							
A0A074YNW2	674	0	Ascomycota	Dothideomycetes	Aureobasidium subglaciale EXF-2481	1043005	0.00028961420656757207	34.0	1240.2	1240.00073242188	0.0							
A0A084GCK7	654	0	Ascomycota	Sordariomycetes	Scedosporium apiospermum	563466	0.0002497227114343345	33.599999999999994	1238.7	1238.40112304688	0.0							
A0A090CAV9	658	0	Ascomycota	Sordariomycetes	Podospora anserina S mat+	515849	0.0002497227114343345	33.599999999999994	1199.8	1199.50170898438	0.0							
A0A0A2K2L2	665	0	Ascomycota	Eurotiomycetes	Penicillium expansum	27334	0.001181008738319568	33.9	1278.6	1278.39892578125	0.0							
A0A0A2L8C1	665	0	Ascomycota	Eurotiomycetes	Penicillium italicum	40296	0.001181008738319568	33.9	1278.9	1278.77307128906	0.0							
A0A0B7F5J3	628	0	Basidiomycota	Agaricomycetes	Rhizoctonia solani AG-1 IB	1108050	0.00021906786558250385	33.599999999999994	1022.6	1022.28582763672	2.6e-304							
A0A0C3NHS8	645	0	Basidiomycota	Agaricomycetes	Phlebiopsis gigantea 11061_1 CR5-6	745531	0.007014311113091804	33.599999999999994	1144.6	1144.47619628906	0.0							
A0A0C4E9L8	655	0	Ascomycota	Sordariomycetes	Magnaporthiopsis poae ATCC 64411	644358	0.0002497227114343345	33.599999999999994	1233.8	1233.66870117188	0.0							
A0A0C9T329	636	0	Basidiomycota	Agaricomycetes	Plicaturopsis crispa FD-325 SS-3	944288	0.00021906786558250385	33.599999999999994	1079.4	1079.10571289062	0.0							
A0A0C9T9D2	638	0	Basidiomycota	Agaricomycetes	Plicaturopsis crispa FD-325 SS-3	944288	0.00021906786558250385	33.599999999999994	1106.8	1106.53393554688	0.0							
A0A0D0CSB1	639	0	Basidiomycota	Agaricomycetes	Collybiopsis luxurians FD-317 M1	944289	0.00021906786558250385	33.599999999999994	1135.7	1135.50451660156	0.0							
A0A0D1ZSC5	658	0	Ascomycota	Eurotiomycetes	Exophiala mesophila	212818	0.0004887094078415678	33.599999999999994	1243.5	1243.33032226562	0.0							
A0A0D2AFJ7	664	0	Ascomycota	Dothideomycetes	Verruconis gallopava	253628	0.00028961420656757207	33.9	1293.1	1292.92126464844	0.0	2	369.6	34.5	49	1	1	0
A0A0D2BJ30	666	0	Ascomycota	Eurotiomycetes	Exophiala spinifera	91928	0.0004887094078415678	33.9	1235.5	1235.31823730469	0.0	2	0	0	0	0	0	0
A0A0D2CX58	666	0	Ascomycota	Eurotiomycetes	Phialophora americana	5601	0.0004887094078415678	33.9	1232.6	1232.43994140625	0.0							
A0A0D2CY69	666	0	Ascomycota	Eurotiomycetes	Cladophialophora immunda	569365	0.0004887094078415678	33.9	1236.4	1236.21374511719	0.0							
A0A0D2DMY6	666	0	Ascomycota	Eurotiomycetes	Exophiala oligosperma	215243	0.0004887094078415678	33.9	1233.0	1232.82360839844	0.0							
A0A0D2EK50	666	0	Ascomycota	Eurotiomycetes	Fonsecaea pedrosoi CBS 271.37	1442368	0.0004887094078415678	33.9	1239.1	1238.94177246094	0.0							
A0A0D2F3N4	666	0	Ascomycota	Eurotiomycetes	Exophiala xenobiotica	348802	0.0004887094078415678	33.9	1226.0	1225.80493164062	0.0							
A0A0D2JCG4	665	0	Ascomycota	Eurotiomycetes	Rhinocladiella mackenziei CBS 650.93	1442369	0.0004887094078415678	33.9	1232.6	1232.42443847656	0.0							
A0A0D2L0R8	666	0	Ascomycota	Eurotiomycetes	Fonsecaea multimorphosa CBS 102226	1442371	0.0004887094078415678	33.9	1243.2	1243.02258300781	0.0							
A0A0D2NCE0	646	0	Basidiomycota	Agaricomycetes	Hypholoma sublateritium FD-334 SS-4	945553	0.00021906786558250385	33.599999999999994	1095.6	1095.45959472656	0.0							
A0A0D2YGJ6	656	0	Ascomycota	Sordariomycetes	Fusarium oxysporum f. sp. lycopersici 4287	426428	0.0002497227114343345	33.599999999999994	1237.9	1237.583984375	0.0							
A0A0D7BBW7	641	0	Basidiomycota	Agaricomycetes	Cylindrobasidium torrendii FP15055 ss-10	1314674	0.00021906786558250385	33.599999999999994	1118.5	1118.28857421875	0.0							
A0A0E0SDM0	655	0	Ascomycota	Sordariomycetes	Fusarium graminearum PH-1	229533	0.0002497227114343345	33.599999999999994	1236.4	1236.10400390625	0.0	3	4087.3	281.9	87.9	1	1	1
A0A0F0IAE6	665	0	Ascomycota	Eurotiomycetes	Aspergillus parasiticus SU-1	1403190	0.0009667383290631679	33.9	1290.4	1290.25109863281	0.0							
A0A0F4G7F6	664	0	Ascomycota	Dothideomycetes	Zymoseptoria brevis	1047168	0.0009534689471297721	33.9	1269.9	1269.72094726562	0.0	2	20.2	3.2	15	1	1	0
A0A0F8U238	665	0	Ascomycota	Eurotiomycetes	Aspergillus rambellii	308745	0.0009667383290631679	33.9	1271.5	1271.31225585938	0.0							
A0A0F9XM87	654	0	Ascomycota	Sordariomycetes	Trichoderma harzianum	5544	0.0002497227114343345	33.599999999999994	1231.4	1231.12451171875	0.0							
A0A0G2EW25	666	0	Ascomycota	Dothideomycetes	Diplodia seriata	420778	0.00028961420656757207	34.0	1248.2	1248.04968261719	0.0	2	0	0	0	0	0	0
A0A0G2G1B8	656	0	Ascomycota	Sordariomycetes	Diaporthe ampelina	1214573	0.0002497227114343345	33.599999999999994	1231.5	1231.24926757812	0.0							
A0A0G4KKU1	651	0	Ascomycota	Sordariomycetes	Verticillium longisporum	100787	0.0002497227114343345	33.599999999999994	1210.6	1210.35266113281	0.0							
A0A0G4PTH8	665	0	Ascomycota	Eurotiomycetes	Penicillium camemberti FM 013	1429867	0.001181008738319568	33.9	1278.7	1278.49291992188	0.0							
A0A0H2RJ10	647	0	Basidiomycota	Agaricomycetes	Schizopora paradoxa	27342	0.00021906786558250385	33.599999999999994	1092.2	1091.98681640625	0.0							
A0A0L1IYH5	665	0	Ascomycota	Eurotiomycetes	Aspergillus nomiae NRRL 13137	1509407	0.0009667383290631679	33.9	1286.0	1285.79711914062	0.0							
A0A0L6X0R2	651	0	Basidiomycota	Agaricomycetes	Termitomyces sp. J132	1306850	0.00021906786558250385	33.599999999999994	1082.9	1082.73901367188	0.0							
A0A0M9WC58	665	0	Ascomycota	Eurotiomycetes	Penicillium nordicum	229535	0.001181008738319568	33.9	1277.8	1277.60766601562	0.0							
A0A0N0NJ30	664	0	Ascomycota	Eurotiomycetes	Phialophora attinorum	1664694	0.0004887094078415678	33.699999999999996	1223.8	1223.64135742188	0.0							
A0A0U5FTQ5	665	0	Ascomycota	Eurotiomycetes	Aspergillus calidoustus	454130	0.0009667383290631679	33.9	1288.3	1288.1015625	0.0							
A0A101MG75	665	0	Ascomycota	Eurotiomycetes	Penicillium freii	48697	0.001181008738319568	33.9	1277.1	1276.92163085938	0.0							
A0A135LT87	665	0	Ascomycota	Eurotiomycetes	Penicillium griseofulvum	5078	0.001181008738319568	33.9	1278.8	1278.63684082031	0.0							
A0A135V8D0	666	0	Ascomycota	Sordariomycetes	Colletotrichum salicis	1209931	0.0002497227114343345	33.599999999999994	1235.5	1235.13708496094	0.0							
A0A136J8S2	654	0	Ascomycota	Sordariomycetes	Microdochium bolleyi	196109	0.0002497227114343345	33.599999999999994	1231.9	1231.484375	0.0							
A0A139GXZ0	659	0	Ascomycota	Dothideomycetes	Pseudocercospora musae	113226	0.0009534689471297721	33.8	1241.8	1241.65441894531	0.0							
A0A150V9F0	666	0	Ascomycota	Dothideomycetes	Acidomyces richmondensis BFW	766039	0.0005792174501238721	34.0	1257.9	1257.75048828125	0.0							
A0A162IAZ2	659	0	Ascomycota	Sordariomycetes	Niveomyces insectorum RCEF 264	1081102	0.0002497227114343345	33.599999999999994	1225.9	1225.68872070312	0.0							
A0A162MZU6	656	0	Ascomycota	Sordariomycetes	Colletotrichum incanum	1573173	0.0002497227114343345	33.599999999999994	1249.1	1248.90100097656	0.0							
A0A163E1X7	667	0	Ascomycota	Dothideomycetes	Ascochyta rabiei	5454	0.00028961420656757207	34.0	1256.1	1255.85314941406	0.0							
A0A164WSN9	639	0	Basidiomycota	Agaricomycetes	Sistotremastrum niveocremeum HHB9708	1314777	0.00021906786558250385	33.599999999999994	1093.3	1093.02185058594	0.0							
A0A165CTU6	634	0	Basidiomycota	Agaricomycetes	Exidia glandulosa HHB12029	1314781	0.00021906786558250385	33.599999999999994	1023.2	1022.96185302734	1.8e-304							
A0A165F0M1	639	0	Basidiomycota	Dacrymycetes	Calocera cornea HHB12733	1353952	0.00015868382307213794	33.599999999999994	1105.2	1104.99475097656	0.0							
A0A165ILZ5	639	0	Basidiomycota	Agaricomycetes	Laetiporus sulphureus 93-53	1314785	0.0008159640056539039	33.599999999999994	1120.5	1120.29748535156	0.0							
A0A165U9X1	640	0	Basidiomycota	Agaricomycetes	Daedalea quercina L-15889	1314783	0.0008159640056539039	33.599999999999994	1116.9	1116.70532226562	0.0							
A0A165VRV2	643	0	Basidiomycota	Agaricomycetes	Neolentinus lepideus HHB14362 ss-1	1314782	0.00021906786558250385	33.599999999999994	1125.7	1125.5166015625	0.0							
A0A166DDH7	639	0	Basidiomycota	Agaricomycetes	Sistotremastrum suecicum HHB10207 ss-3	1314776	0.00021906786558250385	33.599999999999994	1094.1	1093.81909179688	0.0							
A0A166GS67	637	0	Basidiomycota	Agaricomycetes	Peniophora sp. CONT	1314672	0.00021906786558250385	33.599999999999994	1083.9	1083.75073242188	0.0							
A0A166RI72	656	0	Ascomycota	Sordariomycetes	Colletotrichum tofieldiae	708197	0.0002497227114343345	33.599999999999994	1245.6	1245.39807128906	0.0							
A0A167P4E4	643	0	Basidiomycota	Dacrymycetes	Calocera viscosa TUFC12733	1330018	0.00015868382307213794	33.599999999999994	1107.2	1107.04748535156	0.0							
A0A175W4Q6	655	0	Ascomycota	Sordariomycetes	Madurella mycetomatis	100816	0.0002497227114343345	33.599999999999994	1238.2	1237.9013671875	0.0							
A0A177CWT1	665	0	Ascomycota	Dothideomycetes	Paraphaeosphaeria sporulosa	1460663	0.00028961420656757207	34.0	1280.3	1280.15795898438	0.0							
A0A177D705	665	0	Ascomycota	Dothideomycetes	Alternaria alternata	5599	0.00028961420656757207	34.0	1277.7	1277.53735351562	0.0							
A0A178DM25	665	0	Ascomycota	Dothideomycetes	Pyrenochaeta sp. DS3sAY3a	765867	0.00028961420656757207	34.0	1271.2	1271.03442382812	0.0							
A0A178ZH86	666	0	Ascomycota	Eurotiomycetes	Fonsecaea erecta	1367422	0.0004887094078415678	33.9	1240.5	1240.34692382812	0.0							
A0A194UX87	653	0	Ascomycota	Sordariomycetes	Valsa mali var. pyri (nom. inval.)	694573	0.0002497227114343345	33.599999999999994	1235.3	1234.95825195312	0.0							
A0A194XNF4	655	0	Ascomycota	Leotiomycetes	Mollisia scopiformis	149040	0.0002497227114343345	33.599999999999994	1268.8	1268.63696289062	0.0							
A0A1B7NGS0	641	0	Basidiomycota	Agaricomycetes	Rhizopogon vinicolor AM-OR11-026	1314800	0.00021906786558250385	33.599999999999994	1122.6	1122.39111328125	0.0	3	0	0	53.1	1	0	0
A0A1B8AE72	657	0	Ascomycota	Sordariomycetes	Fusarium poae	36050	0.0002497227114343345	33.599999999999994	1241.1	1240.74145507812	0.0							
A0A1C1C6C4	684	0	Ascomycota	Eurotiomycetes	Cladophialophora carrionii	86049	0.0004887094078415678	33.9	1211.9	1208.67834472656	0.0							
A0A1E1KHE7	655	0	Ascomycota	Leotiomycetes	Rhynchosporium commune	914237	0.0002497227114343345	33.599999999999994	1253.1	1252.95947265625	0.0							
A0A1E3BR69	664	0	Ascomycota	Eurotiomycetes	Aspergillus cristatus	573508	0.0009667383290631679	33.9	1269.2	1269.01318359375	0.0							
A0A1E4SXY7	664	0	Ascomycota	Saccharomycetes	[Candida] arabinofermentans NRRL YB-2248	983967	0.07674238779700017	34.0	1297.3	1297.16394042969	0.0							
A0A1E4SZH3	664	0	Ascomycota	Saccharomycetes	[Candida] arabinofermentans NRRL YB-2248	983967	0.07674238779700017	34.0	1296.6	1296.43200683594	0.0							
A0A1E4T6V9	665	0	Ascomycota	Saccharomycetes	[Candida] arabinofermentans NRRL YB-2248	983967	0.07674238779700017	34.0	1297.9	1297.71057128906	0.0							
A0A1F7ZTY3	665	0	Ascomycota	Eurotiomycetes	Aspergillus bombycis	109264	0.0009667383290631679	33.9	1285.8	1285.59790039062	0.0							
A0A1G4BGG5	656	0	Ascomycota	Sordariomycetes	Colletotrichum orchidophilum	1209926	0.0002497227114343345	33.599999999999994	1249.5	1249.18420410156	0.0							
A0A1J7JQ54	656	0	Ascomycota	Sordariomycetes	Coniochaeta ligniaria NRRL 30616	1408157	0.0002497227114343345	33.599999999999994	1256.0	1255.748046875	0.0							
A0A1J8PQ85	643	0	Basidiomycota	Agaricomycetes	Rhizopogon vesiculosus	180088	0.00021906786558250385	33.599999999999994	1125.0	1124.79833984375	0.0							
A0A1J9PEQ4	664	0	Ascomycota	Eurotiomycetes	Emergomyces pasteurianus Ep9510	1447872	0.0004887094078415678	33.9	1261.7	1261.49963378906	0.0							
A0A1J9QW67	666	0	Ascomycota	Dothideomycetes	Diplodia corticola	236234	0.00028961420656757207	34.0	1245.3	1245.13537597656	0.0							
A0A1L7WVX5	655	0	Ascomycota	Leotiomycetes	Phialocephala subalpina	576137	0.0002497227114343345	33.599999999999994	1270.7	1270.5810546875	0.0							
A0A1L9NM57	662	0	Ascomycota	Eurotiomycetes	Aspergillus tubingensis CBS 134.48	767770	0.0009667383290631679	33.599999999999994	1277.5	1277.29602050781	0.0							
A0A1L9P564	665	0	Ascomycota	Eurotiomycetes	Aspergillus versicolor CBS 583.65	1036611	0.0009667383290631679	33.9	1279.6	1279.46166992188	0.0							
A0A1L9RP90	664	0	Ascomycota	Eurotiomycetes	Aspergillus wentii DTO 134E9	1073089	0.0009667383290631679	33.9	1275.8	1275.60290527344	0.0							
A0A1L9SKB6	671	0	Ascomycota	Eurotiomycetes	Penicilliopsis zonata CBS 506.65	1073090	0.0009667383290631679	33.9	1261.9	1261.75866699219	0.0							
A0A1L9TT25	665	0	Ascomycota	Eurotiomycetes	Aspergillus sydowii CBS 593.65	1036612	0.0009667383290631679	33.9	1280.9	1280.7529296875	0.0							
A0A1L9UG76	662	0	Ascomycota	Eurotiomycetes	Aspergillus brasiliensis CBS 101740	767769	0.0009667383290631679	33.599999999999994	1273.9	1273.76220703125	0.0							
A0A1L9W0D4	664	0	Ascomycota	Eurotiomycetes	Aspergillus glaucus CBS 516.65	1160497	0.0009667383290631679	33.9	1261.5	1261.33349609375	0.0							
A0A1L9X343	665	0	Ascomycota	Eurotiomycetes	Aspergillus aculeatus ATCC 16872	690307	0.0009667383290631679	33.9	1269.0	1268.84240722656	0.0							
A0A1M2VA28	625	0	Basidiomycota	Agaricomycetes	Trametes pubescens	154538	0.0008159640056539039	33.599999999999994	1106.0	1105.79223632812	0.0							
A0A1Q3EBI7	643	0	Basidiomycota	Agaricomycetes	Lentinula edodes	5353	0.00021906786558250385	33.599999999999994	1119.8	1119.46008300781	0.0	3	0	0	0	0	0	0
A0A1Q8RSU2	656	0	Ascomycota	Sordariomycetes	Colletotrichum chlorophyti	708187	0.0002497227114343345	33.599999999999994	1268.0	1267.79650878906	0.0							
A0A1R3RRE5	662	0	Ascomycota	Eurotiomycetes	Aspergillus carbonarius ITEM 5010	602072	0.0009667383290631679	33.599999999999994	1268.5	1268.38208007812	0.0							
A0A1S9D6N2	665	0	Ascomycota	Eurotiomycetes	Aspergillus oryzae	5062	0.0009667383290631679	33.9	1291.6	1291.39196777344	0.0							
A0A1V1TC36	654	0	Ascomycota	Sordariomycetes	Xylariales sp. No.14919	1813822	0.0002497227114343345	33.599999999999994	1240.9	1240.43237304688	0.0							
A0A1V6N6L8	665	0	Ascomycota	Eurotiomycetes	Penicillium polonicum	60169	0.001181008738319568	33.9	1275.7	1275.54370117188	0.0							
A0A1V6R3E4	665	0	Ascomycota	Eurotiomycetes	Penicillium solitum	60172	0.001181008738319568	33.9	1272.5	1272.37023925781	0.0							
A0A1V6S025	665	0	Ascomycota	Eurotiomycetes	Penicillium vulpinum	29845	0.001181008738319568	33.9	1277.0	1276.86474609375	0.0							
A0A1V6TRI2	665	0	Ascomycota	Eurotiomycetes	Penicillium flavigenum	254877	0.001181008738319568	33.9	1276.8	1276.63415527344	0.0							
A0A1V6TTI6	665	0	Ascomycota	Eurotiomycetes	Penicillium steckii	303698	0.001181008738319568	33.9	1280.9	1280.74438476562	0.0							
A0A1V6UEN6	684	0	Ascomycota	Eurotiomycetes	Penicillium coprophilum	36646	0.001181008738319568	33.9	1257.9	1252.98889160156	0.0							
A0A1V6Y250	665	0	Ascomycota	Eurotiomycetes	Penicillium nalgiovense	60175	0.001181008738319568	33.9	1278.1	1277.93359375	0.0							
A0A1W2TQY8	654	0	Ascomycota	Sordariomycetes	Rosellinia necatrix	77044	0.0002497227114343345	33.599999999999994	1250.0	1249.54919433594	0.0							
A0A1X6MWH7	641	0	Basidiomycota	Agaricomycetes	Postia placenta MAD-698-R-SB12	670580	0.0008159640056539039	33.599999999999994	1121.2	1120.97973632812	0.0	3	912.7	229.4	150.8	1	1	0
A0A1X7RVT7	664	0	Ascomycota	Dothideomycetes	Zymoseptoria tritici ST99CH_3D7	1276538	0.0009534689471297721	33.9	1271.7	1271.52807617188	0.0							
A0A1Y1Y8W2	665	0	Ascomycota	Dothideomycetes	Clohesyomyces aquaticus	1231657	0.00028961420656757207	34.0	1278.2	1278.08642578125	0.0							
A0A1Y2BZ16	631	0	Basidiomycota	Microbotryomycetes	Leucosporidium creatinivorum	106004	0.00015868382307213794	33.599999999999994	982.7	982.40869140625	3.1e-292							
A0A1Y2EKH6	654	0	Ascomycota	Sordariomycetes	Pseudomassariella vexata	1141098	0.0002497227114343345	33.599999999999994	1248.1	1247.73498535156	0.0							
A0A1Y2IML5	645	0	Basidiomycota	Agaricomycetes	Trametes coccinea BRFM310	1353009	0.0008159640056539039	33.599999999999994	1134.0	1133.86596679688	0.0							
A0A1Y2UY51	654	0	Ascomycota	Sordariomycetes	Hypoxylon sp. CO27-5	1001938	0.0002497227114343345	33.599999999999994	1246.3	1245.85632324219	0.0							
A0A1Y2VR85	654	0	Ascomycota	Sordariomycetes	Hypoxylon sp. CI-4A	1001833	0.0002497227114343345	33.599999999999994	1240.4	1239.98828125	0.0							
A0A1Y2WV54	654	0	Ascomycota	Sordariomycetes	Daldinia sp. EC12	1001832	0.0002497227114343345	33.599999999999994	1241.8	1241.41174316406	0.0							
A0A1Z5TFN5	665	0	Ascomycota	Dothideomycetes	Hortaea werneckii EXF-2000	1157616	0.0005792174501238721	34.0	1274.2	1274.08581542969	0.0							
A0A1Z5TU80	665	0	Ascomycota	Dothideomycetes	Hortaea werneckii EXF-2000	1157616	0.0005792174501238721	34.0	1275.0	1274.84167480469	0.0							
A0A218ZHE2	655	0	Ascomycota	Leotiomycetes	Marssonina coronariae	503106	0.0002497227114343345	33.599999999999994	1165.1	1160.27868652344	0.0							
A0A284QYF0	642	0	Basidiomycota	Agaricomycetes	Armillaria ostoyae	47428	0.00021906786558250385	34.0	1094.7	1094.51953125	0.0							
A0A286U5Q1	648	0	Basidiomycota	Agaricomycetes	Pyrrhoderma noxium	2282107	0.00021906786558250385	33.699999999999996	1116.5	1116.31286621094	0.0							
A0A2A9N9H1	646	0	Basidiomycota	Agaricomycetes	Amanita thiersii Skay4041	703135	0.00021906786558250385	33.599999999999994	1118.5	1118.31750488281	0.0							
A0A2B7XYC7	664	0	Ascomycota	Eurotiomycetes	Helicocarpus griseus UAMH5409	1447875	0.0004887094078415678	33.9	1265.9	1265.75598144531	0.0							
A0A2B7Z2F3	663	0	Ascomycota	Eurotiomycetes	Polytolypa hystricis UAMH7299	1447883	0.0004887094078415678	33.8	1265.5	1265.345703125	0.0	2	0	0	0	0	0	0
A0A2G7FIX8	665	0	Ascomycota	Eurotiomycetes	Aspergillus arachidicola	656916	0.0009667383290631679	33.9	1286.3	1286.10949707031	0.0							
A0A2G8SRN5	640	0	Basidiomycota	Agaricomycetes	Ganoderma sinense ZZ0214-1	1077348	0.0008159640056539039	33.599999999999994	1115.2	1115.07263183594	0.0							
A0A2H3BQD5	651	0	Basidiomycota	Agaricomycetes	Armillaria solidipes	1076256	0.00021906786558250385	34.0	1135.9	1135.72534179688	0.0							
A0A2H3ETP7	650	0	Basidiomycota	Agaricomycetes	Armillaria gallica	47427	0.00021906786558250385	33.9	1135.7	1135.43591308594	0.0							
A0A2H3H306	656	0	Ascomycota	Sordariomycetes	Fusarium oxysporum f. sp. radicis-cucumerinum	327505	0.0002497227114343345	33.599999999999994	1237.9	1237.583984375	0.0							
A0A2H3JSG5	648	0	Basidiomycota	Agaricomycetes	Wolfiporia cocos MD-104 SS10	742152	0.0008159640056539039	33.8	1123.0	1122.84692382812	0.0							
A0A2I0RJV3	665	0	Ascomycota	Dothideomycetes	Cercospora zeina	348901	0.0009534689471297721	33.9	1239.7	1239.50048828125	0.0							
A0A2I2F6L9	667	0	Ascomycota	Eurotiomycetes	Aspergillus candidus	41067	0.0009667383290631679	33.9	1263.5	1263.37451171875	0.0							
A0A2I2G1Y8	665	0	Ascomycota	Eurotiomycetes	Aspergillus steynii IBT 23096	1392250	0.0009667383290631679	33.9	1281.7	1281.5556640625	0.0							
A0A2J6PTI5	656	0	Ascomycota	Leotiomycetes	Hyaloscypha hepaticicola	2082293	0.0002497227114343345	33.599999999999994	1271.5	1271.19885253906	0.0	3	0	0	0	0	0	0
A0A2J6S5S8	655	0	Ascomycota	Leotiomycetes	Hyaloscypha variabilis F	1149755	0.0002497227114343345	33.599999999999994	1273.3	1273.16625976562	0.0							
A0A2J6T8G8	655	0	Ascomycota	Leotiomycetes	Hyaloscypha bicolor E	1095630	0.0002497227114343345	33.599999999999994	1270.8	1270.53540039062	0.0							
A0A2K0WVU4	654	0	Ascomycota	Sordariomycetes	Fusarium nygamai	42673	0.0002497227114343345	33.599999999999994	1239.3	1238.99975585938	0.0							
A0A2K1QGL6	665	0	Ascomycota	Dothideomycetes	Sphaceloma murrayae	2082308	0.00028961420656757207	34.0	1255.4	1255.1982421875	0.0	2	26.8	3.6	12	1	1	0
A0A2L2SPC1	654	0	Ascomycota	Sordariomycetes	Fusarium venenatum	56646	0.0002497227114343345	33.599999999999994	1220.8	1220.47448730469	0.0							
A0A2N3N139	654	0	Ascomycota	Sordariomycetes	Lomentospora prolificans	41688	0.0002497227114343345	33.599999999999994	1231.6	1231.22131347656	0.0							
A0A2P4ZJM8	653	0	Ascomycota	Sordariomycetes	Trichoderma gamsii	398673	0.0002497227114343345	33.599999999999994	1232.7	1232.40881347656	0.0							
A0A2P5HRC7	654	0	Ascomycota	Sordariomycetes	Diaporthe helianthi	158607	0.0002497227114343345	33.599999999999994	1230.0	1229.73071289062	0.0							
A0A2P7ZE34	665	0	Ascomycota	Dothideomycetes	Elsinoe australis	40998	0.00028961420656757207	34.0	1242.0	1241.79357910156	0.0							
A0A2S6C2B0	665	0	Ascomycota	Dothideomycetes	Cercospora berteroae	357750	0.0009534689471297721	33.9	1256.3	1256.18444824219	0.0							
A0A2S7P6M0	675	0	Ascomycota	Leotiomycetes	Rutstroemia sp. NJR-2017a BVV2	2070413	0.0002497227114343345	33.599999999999994	1233.3	1233.16491699219	0.0							
A0A2S7QS87	620	0	Ascomycota	Leotiomycetes	Rutstroemia sp. NJR-2017a WRK4	2070412	0.0002497227114343345	33.599999999999994	1237.9	1196.46228027344	0.0							
A0A2T2NH42	665	0	Ascomycota	Dothideomycetes	Corynespora cassiicola Philippines	1448308	0.00028961420656757207	34.0	1276.4	1276.25708007812	0.0							
A0A2T3AAA4	654	0	Ascomycota	Sordariomycetes	Coniella lustricola	2025994	0.0002497227114343345	33.599999999999994	1226.8	1226.46984863281	0.0							
A0A2T3AX85	660	0	Ascomycota	Leotiomycetes	Amorphotheca resinae ATCC 22711	857342	0.0002497227114343345	33.599999999999994	1270.1	1269.91320800781	0.0							
A0A2T3YX01	654	0	Ascomycota	Sordariomycetes	Trichoderma asperellum CBS 433.97	1042311	0.0002497227114343345	33.599999999999994	1228.4	1228.12646484375	0.0							
A0A2T3ZV55	654	0	Ascomycota	Sordariomycetes	Trichoderma harzianum CBS 226.95	983964	0.0002497227114343345	33.599999999999994	1232.1	1231.79846191406	0.0							
A0A2T4BTG5	654	0	Ascomycota	Sordariomycetes	Trichoderma longibrachiatum ATCC 18648	983965	0.0002497227114343345	33.599999999999994	1239.4	1239.1328125	0.0							
A0A2T4H210	655	0	Ascomycota	Sordariomycetes	Fusarium culmorum	5516	0.0002497227114343345	33.599999999999994	1236.4	1236.10400390625	0.0							
A0A2V1C0J1	655	0	Ascomycota	Leotiomycetes	Cadophora sp. DSE1049	1485229	0.0002497227114343345	33.599999999999994	1266.9	1266.71472167969	0.0							
A0A2V1DZ69	665	0	Ascomycota	Dothideomycetes	Periconia macrospinosa	97972	0.00028961420656757207	34.0	1279.1	1278.97290039062	0.0							
A0A2V5HC18	665	0	Ascomycota	Eurotiomycetes	Aspergillus violaceofuscus CBS 115571	1450538	0.0009667383290631679	33.9	1268.8	1268.60473632812	0.0							
A0A317VRS8	661	0	Ascomycota	Eurotiomycetes	Aspergillus heteromorphus CBS 117.55	1448321	0.0009667383290631679	33.599999999999994	1276.1	1275.97961425781	0.0							
A0A317VU31	662	0	Ascomycota	Eurotiomycetes	Aspergillus sclerotioniger CBS 115572	1450535	0.0009667383290631679	33.599999999999994	1266.8	1266.64953613281	0.0							
A0A318ZDC1	665	0	Ascomycota	Eurotiomycetes	Aspergillus saccharolyticus JOP 1030-1	1450539	0.0009667383290631679	33.9	1267.7	1267.58117675781	0.0							
A0A319CFQ0	665	0	Ascomycota	Eurotiomycetes	Aspergillus uvarum CBS 121591	1448315	0.0009667383290631679	33.9	1270.0	1269.86376953125	0.0							
A0A319DNN5	661	0	Ascomycota	Eurotiomycetes	Aspergillus ellipticus CBS 707.79	1448320	0.0009667383290631679	33.599999999999994	1276.1	1275.98486328125	0.0							
A0A319EEE1	665	0	Ascomycota	Eurotiomycetes	Aspergillus sclerotiicarbonarius CBS 121057	1448318	0.0009667383290631679	33.8	1268.8	1268.67541503906	0.0							
A0A364M4W2	665	0	Ascomycota	Eurotiomycetes	Aspergillus flavus	5059	0.0009667383290631679	33.9	1291.6	1291.39196777344	0.0							
A0A364MXF6	665	0	Ascomycota	Dothideomycetes	Stemphylium lycopersici	183478	0.00028961420656757207	34.0	1278.4	1278.20056152344	0.0							
A0A369JI11	644	0	Basidiomycota	Agaricomycetes	Hypsizygus marmoreus	39966	0.00021906786558250385	33.599999999999994	1088.0	1087.81030273438	0.0							
A0A370TVS3	658	0	Ascomycota	Leotiomycetes	Venustampulla echinocandica	2656787	0.0002497227114343345	33.599999999999994	1259.0	1258.80334472656	0.0	3	0	0	0	0	0	0
A0A371CLQ4	642	0	Basidiomycota	Agaricomycetes	Polyporus brumalis	139420	0.0008159640056539039	33.599999999999994	1122.2	1121.99060058594	0.0							
A0A395GID0	665	0	Ascomycota	Eurotiomycetes	Aspergillus ibericus CBS 121593	1448316	0.0009667383290631679	33.8	1272.2	1272.025390625	0.0							
A0A395HPP0	665	0	Ascomycota	Eurotiomycetes	Aspergillus homomorphus CBS 101889	1450537	0.0009667383290631679	33.9	1270.3	1270.18579101562	0.0							
A0A395IKF8	656	0	Ascomycota	Leotiomycetes	Monilinia fructigena	38457	0.0002497227114343345	33.599999999999994	1226.9	1226.70751953125	0.0							
A0A395N0T1	657	0	Ascomycota	Sordariomycetes	Fusarium flagelliforme	2675880	0.0002497227114343345	33.599999999999994	1240.5	1240.13110351562	0.0							
A0A395N9G7	654	0	Ascomycota	Sordariomycetes	Trichoderma arundinaceum	490622	0.0002497227114343345	33.599999999999994	1230.5	1230.15881347656	0.0							
A0A395SP46	659	0	Ascomycota	Sordariomycetes	Fusarium sporotrichioides	5514	0.0002497227114343345	33.599999999999994	1242.5	1242.12365722656	0.0							
A0A395TAD6	657	0	Ascomycota	Sordariomycetes	Fusarium longipes	694270	0.0002497227114343345	33.599999999999994	1221.9	1221.52001953125	0.0							
A0A3A2ZSQ4	665	0	Ascomycota	Eurotiomycetes	Aspergillus sclerotialis	2070753	0.0009667383290631679	33.9	1284.7	1284.53088378906	0.0							
A0A3D8R9B7	665	0	Ascomycota	Eurotiomycetes	Aspergillus mulundensis	1810919	0.0009667383290631679	33.9	1274.2	1273.99890136719	0.0							
A0A3D8SR04	665	0	Ascomycota	Leotiomycetes	Coleophoma cylindrospora	1849047	0.0002497227114343345	33.9	1271.0	1270.85900878906	0.0							
A0A3E2GT83	655	0	Ascomycota	Leotiomycetes	Scytalidium lignicola	5539	0.0002497227114343345	33.599999999999994	1268.5	1268.1669921875	0.0							
A0A3F3PYJ0	662	0	Ascomycota	Eurotiomycetes	Aspergillus welwitschiae	1341132	0.0009667383290631679	33.599999999999994	1277.4	1277.23596191406	0.0							
A0A3M2SL30	655	0	Ascomycota	Sordariomycetes	Fusarium kuroshium	2010991	0.0002497227114343345	33.599999999999994	1246.6	1246.37646484375	0.0							
A0A3M6WYP1	665	0	Ascomycota	Dothideomycetes	Hortaea werneckii	91943	0.0005792174501238721	34.0	1275.3	1275.109375	0.0							
A0A3M7BEA0	665	0	Ascomycota	Dothideomycetes	Hortaea werneckii	91943	0.0005792174501238721	34.0	1273.8	1273.62780761719	0.0							
A0A3M9Y5X2	651	0	Ascomycota	Sordariomycetes	Verticillium nonalfalfae	1051616	0.0002497227114343345	33.599999999999994	1209.4	1209.125	0.0							
A0A3N4KBK2	663	0	Ascomycota	Pezizomycetes	Morchella conica CCBAS932	1392247	0.0002497227114343345	34.0	1284.6	1284.47155761719	0.0							
A0A401GA83	644	0	Basidiomycota	Agaricomycetes	Sparassis crispa	139825	0.0008159640056539039	33.599999999999994	1122.3	1122.12707519531	0.0							
A0A401KSG4	662	0	Ascomycota	Eurotiomycetes	Aspergillus awamori	105351	0.0009667383290631679	33.599999999999994	1281.2	1281.09045410156	0.0							
A0A409VUL1	643	0	Basidiomycota	Agaricomycetes	Panaeolus cyanescens	181874	0.00021906786558250385	33.599999999999994	1100.0	1099.84765625	0.0							
A0A420Y6G0	656	0	Ascomycota	Sordariomycetes	Coniochaeta pulveracea	177199	0.0002497227114343345	33.599999999999994	1249.1	1248.86840820312	0.0							
A0A423W9P7	666	0	Ascomycota	Sordariomycetes	Valsa sordida	252740	0.0002497227114343345	33.599999999999994	1175.9	1170.58056640625	0.0							
A0A423WGA7	653	0	Ascomycota	Sordariomycetes	Valsa malicola	356882	0.0002497227114343345	33.599999999999994	1227.9	1227.62768554688	0.0							
A0A423XHQ7	654	0	Ascomycota	Sordariomycetes	Cytospora leucostoma	1230097	0.0002497227114343345	33.599999999999994	1229.3	1228.97912597656	0.0	3	7946.0	697.5	18.8	1	1	1
A0A428NE95	655	0	Ascomycota	Sordariomycetes	Fusarium sp. AF-6	1325737	0.0002497227114343345	33.599999999999994	1246.4	1246.13220214844	0.0							
A0A428PAC1	655	0	Ascomycota	Sordariomycetes	Fusarium duplospermum	1325734	0.0002497227114343345	33.599999999999994	1249.3	1249.07287597656	0.0							
A0A439D947	652	0	Ascomycota	Sordariomycetes	Xylaria grammica	363999	0.0002497227114343345	33.599999999999994	1216.6	1216.21643066406	0.0							
A0A443I0D2	664	0	Ascomycota	Eurotiomycetes	Paecilomyces variotii	264951	1.0264194855852047	33.9	1283.4	1283.27294921875	0.0							
A0A4Q4TAX8	648	0	Ascomycota	Sordariomycetes	Monosporascus ibericus	155417	0.0002497227114343345	33.599999999999994	1205.8	1205.48461914062	0.0							
A0A4Q4UNX4	656	0	Ascomycota	Sordariomycetes	Monosporascus sp. GIB2	2211647	0.0002497227114343345	33.599999999999994	1234.3	1234.06701660156	0.0							
A0A4Q4VBJ1	656	0	Ascomycota	Sordariomycetes	Monosporascus sp. MC13-8B	2211646	0.0002497227114343345	33.599999999999994	1237.5	1237.24206542969	0.0							
A0A4Q4VQ69	656	0	Ascomycota	Sordariomycetes	Monosporascus sp. MG133	2211645	0.0002497227114343345	33.599999999999994	1230.9	1230.646484375	0.0							
A0A4Q4YSZ1	648	0	Ascomycota	Sordariomycetes	Monosporascus sp. 5C6A	2211642	0.0002497227114343345	33.599999999999994	1202.1	1201.81457519531	0.0							
A0A4Q4YUR7	648	0	Ascomycota	Sordariomycetes	Monosporascus sp. CRB-8-3	2211644	0.0002497227114343345	33.599999999999994	1212.0	1211.65209960938	0.0							
A0A4Q9PTL3	643	0	Basidiomycota	Agaricomycetes	Dichomitus squalens	114155	0.0008159640056539039	33.599999999999994	1131.9	1131.56518554688	0.0							
A0A4R0RDJ8	644	0	Basidiomycota	Agaricomycetes	Steccherinum ochraceum	92696	0.0008159640056539039	33.599999999999994	1134.8	1134.61669921875	0.0							
A0A4R8R015	656	0	Ascomycota	Sordariomycetes	Colletotrichum trifolii	5466	0.0002497227114343345	33.599999999999994	1250.6	1250.36157226562	0.0							
A0A4S4MTI8	650	0	Basidiomycota	Agaricomycetes	Antrodiella citrinella	2447956	0.0008159640056539039	33.8	1122.1	1121.91760253906	0.0	2	58.2	2.8	65	1	1	0
A0A4S8M4X0	639	0	Basidiomycota	Agaricomycetes	Dendrothele bispora CBS 962.96	1314807	0.00021906786558250385	33.599999999999994	1121.2	1120.88305664062	0.0							
A0A4T0WKD8	656	0	Ascomycota	Sordariomycetes	Colletotrichum higginsianum	80884	0.0002497227114343345	33.599999999999994	1244.3	1244.11059570312	0.0							
A0A4U0TJT0	665	0	Ascomycota	Dothideomycetes	Salinomyces thailandica	706561	0.0005792174501238721	34.0	1264.0	1263.87817382812	0.0							
A0A4U6X6L6	656	0	Ascomycota	Sordariomycetes	Colletotrichum tanaceti	1306861	0.0002497227114343345	33.599999999999994	1239.9	1239.66198730469	0.0	3	8647.0	294.9	55.3	1	1	1
A0A4V1XNJ5	648	0	Ascomycota	Sordariomycetes	Monosporascus sp. mg162	1081914	0.0002497227114343345	33.599999999999994	1206.7	1206.42541503906	0.0							
A0A4Y8D203	657	0	Ascomycota	Leotiomycetes	Botryotinia calthae	38488	0.0002497227114343345	33.599999999999994	1247.1	1246.935546875	0.0							
A0A4Y9YTF6	644	0	Basidiomycota	Agaricomycetes	Rhodofomes roseus	34475	0.0008159640056539039	33.599999999999994	1035.7	1031.81921386719	2.9e-308							
A0A4Y9YV70	641	0	Basidiomycota	Agaricomycetes	Dentipellis fragilis	205917	0.00021906786558250385	33.599999999999994	1103.7	1103.03393554688	0.0							
A0A4Z0A149	639	0	Basidiomycota	Agaricomycetes	Hericium alpestre	135208	0.00021906786558250385	33.599999999999994	1105.5	1105.18200683594	0.0							
A0A4Z0YFK3	654	0	Ascomycota	Sordariomycetes	Xylaria hypoxylon	37992	0.0002497227114343345	33.599999999999994	1239.9	1239.49841308594	0.0							
A0A4Z1KC62	657	0	Ascomycota	Leotiomycetes	Botrytis elliptica	278938	0.0002497227114343345	33.599999999999994	1262.3	1262.10876464844	0.0	3	3170.8	738.2	11.1	1	1	1
A0A4Z1L148	655	0	Ascomycota	Leotiomycetes	Botrytis porri	87229	0.0002497227114343345	33.599999999999994	1262.5	1262.345703125	0.0							
A0A507B7L9	656	0	Ascomycota	Sordariomycetes	Thyridium curvatum	1093900	0.0002497227114343345	33.599999999999994	1238.5	1238.22900390625	0.0							
A0A517L855	665	0	Ascomycota	Dothideomycetes	Venturia effusa	50376	0.00028961420656757207	34.0	1262.7	1262.49853515625	0.0							
A0A550CU55	639	0	Basidiomycota	Agaricomycetes	Auriculariopsis ampla	97359	0.00021906786558250385	33.599999999999994	1128.0	1127.77746582031	0.0							
A0A553HPK9	625	0	Ascomycota	Sordariomycetes	Xylaria flabelliformis	2512241	0.0002497227114343345	33.599999999999994	1147.0	1145.19445800781	0.0							
A0A559MAH0	649	0	Ascomycota	Leotiomycetes	Lachnellula willkommii	215461	0.0002497227114343345	33.599999999999994	1232.7	1232.52368164062	0.0							
A0A5B1QN96	639	0	Basidiomycota	Agaricomycetes	Dentipellis sp. KUC8613	1883078	0.00021906786558250385	33.599999999999994	1108.7	1108.54382324219	0.0	3	1269.8	423.5	4.0	1	1	1
A0A5C3KN19	642	0	Basidiomycota	Agaricomycetes	Coprinopsis marcescibilis	230819	0.00021906786558250385	33.599999999999994	1135.6	1135.38061523438	0.0							
A0A5C3LYG0	638	0	Basidiomycota	Agaricomycetes	Crucibulum laeve	68775	0.00021906786558250385	33.599999999999994	1121.2	1121.060546875	0.0							
A0A5C3N508	650	0	Basidiomycota	Agaricomycetes	Heliocybe sulcata	5364	0.00021906786558250385	33.9	1133.2	1132.98132324219	0.0							
A0A5C3NW19	641	0	Basidiomycota	Agaricomycetes	Polyporus arcularius HHB13444	1314778	0.0008159640056539039	33.599999999999994	1121.5	1121.37084960938	0.0							
A0A5C3Q819	641	0	Basidiomycota	Agaricomycetes	Pterula gracilis	1884261	0.00021906786558250385	33.599999999999994	1109.4	1109.14721679688	0.0							
A0A5E3X2T7	641	0	Basidiomycota	Agaricomycetes	Peniophora sp. CBMAI 1063	718367	0.00021906786558250385	33.599999999999994	1084.2	1083.99450683594	0.0							
A0A5M3MJ52	639	0	Basidiomycota	Agaricomycetes	Coniophora puteana RWD-64-598 SS2	741705	0.00021906786558250385	33.599999999999994	1115.2	1114.90246582031	0.0							
A0A5M9JVZ9	659	0	Ascomycota	Leotiomycetes	Monilinia fructicola	38448	0.0002497227114343345	33.599999999999994	1265.2	1265.05407714844	0.0	3	0	0	0	0	0	0
A0A5N5D932	666	0	Ascomycota	Dothideomycetes	Lasiodiplodia theobromae	45133	0.00028961420656757207	34.0	1250.3	1250.17578125	0.0							
A0A5N5JXS7	656	0	Ascomycota	Sordariomycetes	Coniochaeta sp. 2T2.1	1571157	0.0002497227114343345	33.599999999999994	1254.1	1253.77087402344	0.0	3	5997.7	79.4	10.4	1	1	1
A0A5N5KQM7	656	0	Ascomycota	Sordariomycetes	Coniochaeta sp. 2T2.1	1571157	0.0002497227114343345	33.599999999999994	1257.6	1257.34143066406	0.0							
A0A5N5QNB3	622	0	Basidiomycota	Agaricomycetes	Ceratobasidium theobromae	1582974	0.00021906786558250385	33.599999999999994	953.1	952.783752441406	2.8e-283							
A0A5N5WS51	664	0	Ascomycota	Eurotiomycetes	Aspergillus leporis	41062	0.0009667383290631679	33.8	1283.8	1283.59887695312	0.0							
A0A5N6DYK3	665	0	Ascomycota	Eurotiomycetes	Aspergillus parasiticus	5067	0.0009667383290631679	33.9	1290.7	1290.58935546875	0.0							
A0A5N6EB52	665	0	Ascomycota	Eurotiomycetes	Aspergillus novoparasiticus	986946	0.0009667383290631679	33.9	1289.2	1289.0	0.0							
A0A5N6FLB4	665	0	Ascomycota	Eurotiomycetes	Aspergillus alliaceus	209559	0.0009667383290631679	33.9	1281.0	1280.79272460938	0.0							
A0A5N6KBE6	643	0	Ascomycota	Leotiomycetes	Monilinia laxa	61186	0.0002497227114343345	33.599999999999994	1175.2	1170.02404785156	0.0							
A0A5N6T6J1	665	0	Ascomycota	Eurotiomycetes	Aspergillus pseudotamarii	132259	0.0009667383290631679	33.9	1286.5	1286.29467773438	0.0							
A0A5N6TJD5	664	0	Ascomycota	Eurotiomycetes	Aspergillus avenaceus	36643	0.0009667383290631679	33.9	1269.7	1269.56774902344	0.0							
A0A5N6UU48	665	0	Ascomycota	Eurotiomycetes	Aspergillus tamarii	41984	0.0009667383290631679	33.9	1285.0	1284.85815429688	0.0	2	0	0	0	0	0	0
A0A5N7A3P5	665	0	Ascomycota	Eurotiomycetes	Aspergillus caelatus	61420	0.0009667383290631679	33.9	1285.9	1285.77600097656	0.0							
A0A5N7AS31	665	0	Ascomycota	Eurotiomycetes	Aspergillus bertholletiae	1226010	0.0009667383290631679	33.9	1274.4	1274.21032714844	0.0							
A0A5N7D6G6	665	0	Ascomycota	Eurotiomycetes	Aspergillus pseudonomiae	1506151	0.0009667383290631679	33.9	1286.5	1286.3330078125	0.0							
A0A5Q4BJR1	620	0	Ascomycota	Sordariomycetes	Colletotrichum shisoi	2078593	0.0002497227114343345	33.599999999999994	1175.5	1175.22863769531	0.0							
A0A6A6Y0P5	666	0	Ascomycota	Dothideomycetes	Mytilinidion resinicola	574789	0.00028961420656757207	34.0	1263.7	1263.55383300781	0.0							
A0A6P8BIP6	659	0	Ascomycota	Sordariomycetes	Pyricularia grisea	148305	0.0002497227114343345	33.599999999999994	1227.0	1226.85290527344	0.0							
A0A7C8IM37	654	0	Ascomycota	Sordariomycetes	Xylaria multiplex	323545	0.0002497227114343345	33.599999999999994	1246.3	1245.88647460938	0.0							
A0A7C8MEZ2	665	0	Ascomycota	Dothideomycetes	Massariosphaeria phaeospora	100035	0.00028961420656757207	34.0	1273.9	1273.78015136719	0.0							
A0A7D8UU31	656	0	Ascomycota	Leotiomycetes	Lachnellula cervina	1316786	0.0002497227114343345	33.599999999999994	1267.3	1267.17944335938	0.0							
A0A7H8QPQ1	664	0	Ascomycota	Eurotiomycetes	Talaromyces rugulosus	121627	0.0008346902635673678	33.9	1258.9	1258.77355957031	0.0							
A2RB46	662	0	Ascomycota	Eurotiomycetes	Aspergillus niger CBS 513.88	425011	0.0009667383290631679	33.599999999999994	1274.8	1274.65051269531	0.0							
A7E6B5	657	0	Ascomycota	Leotiomycetes	Sclerotinia sclerotiorum 1980 UF-70	665079	0.0002497227114343345	33.599999999999994	1265.5	1265.37524414062	0.0							
A8P219	639	0	Basidiomycota	Agaricomycetes	Coprinopsis cinerea okayama7#130	240176	0.00021906786558250385	33.599999999999994	1125.2	1125.07604980469	0.0							
AAB57849.1	663	1	Ascomycota	Saccharomycetes	Komagataella pastoris	4922	2.313145948697526	34.0										
AAB57850.1	663	1	Ascomycota	Saccharomycetes	Komagataella pastoris	4922	2.313145948697526	34.0										
AAF02494.1	664	1	Ascomycota	Saccharomycetes	Ogataea methanolica	1156966	1.0767423877970004	34.0										
AAF02495.1	663	1	Ascomycota	Saccharomycetes	Ogataea methanolica	1156966	1.0767423877970004	34.0				2	18.5	2.8	19	1	1	0
AAF82788.1	665	1	Ascomycota	Dothideomycetes	Fulvia fulva	5499	0.5565090245026852	34.0				2	0	0	0	0	0	0
AAL56054.1	665	1	Ascomycota	Eurotiomycetes	Penicillium chrysogenum	5076	0.20118100873831957	33.9				2	39.3	6.6	60	1	1	0
AAQ99151.1	663	1	Ascomycota	Saccharomycetes	Ogataea pini	4923	1.0767423877970004	34.0										
AAR89538.1	665	1	Ascomycota	Dothideomycetes	Bipolaris victoriae	40125	0.00028961420656757207	34.0				2	0	0	0	0	0	0
AAV66465.1	664	1	Ascomycota	Saccharomycetes	Pichia sp. BZ159	300826	0.015872822579609133	34.0				2	24.9	5.6	4	1	1	0
AAV66466.1	664	1	Ascomycota	Saccharomycetes	Pichia sp. BZ159	300826	0.015872822579609133	34.0										
AAV66467.2	663	1	Ascomycota	Saccharomycetes	[Candida] boidinii	5477	1.0767423877970004	34.0										
AAV66468.1	652	1	Ascomycota	Saccharomycetes	[Candida] boidinii	5477	1.0767423877970004	33.599999999999994										
AHC95541.1	663	1	Ascomycota	Saccharomycetes	Ogataea thermomethanolica (nom. inval.)	310468	1.0767423877970004	34.0										
B6H004	665	0	Ascomycota	Eurotiomycetes	Penicillium rubens Wisconsin 54-1255	500485	0.001181008738319568	33.9	1282.2	1281.98999023438	0.0							
B8LTH7	664	0	Ascomycota	Eurotiomycetes	Talaromyces stipitatus ATCC 10500	441959	0.0008346902635673678	33.9	1273.7	1273.54931640625	0.0							
B8NNE1	665	0	Ascomycota	Eurotiomycetes	Aspergillus flavus NRRL3357	332952	0.0009667383290631679	33.9	1291.6	1291.39196777344	0.0							
C4R702	663	0	Ascomycota	Saccharomycetes	Komagataella phaffii GS115	644223	1.563145948697526	34.0	1295.4	1295.20874023438	0.0	1	0	0	0	0	0	0
P04842	663	0	Ascomycota	Saccharomycetes	Komagataella phaffii GS115	644223	1.563145948697526	34.0	1305.4	1305.18798828125	0.0							
C7ZD82	655	0	Ascomycota	Sordariomycetes	Fusarium vanettenii 77-13-4	660122	0.0002497227114343345	33.599999999999994	1247.3	1247.0185546875	0.0							
C9SS38	635	0	Ascomycota	Sordariomycetes	Verticillium alfalfae VaMs.102	526221	0.0002497227114343345	33.599999999999994	1147.7	1146.01281738281	0.0							
CAM84030.1	664	1	Ascomycota	Saccharomycetes	Ogataea angusta	870730	3.0767423877969997	34.0										
CAM84032.1	664	1	Ascomycota	Saccharomycetes	Ogataea angusta	870730	3.0767423877969997	34.0										
CDG66232.1	643	1	Basidiomycota	Agaricomycetes	Phanerodontia chrysosporium	2822231	2.2570143111130916	33.599999999999994				2	122.6	6.3	91	1	1	0
D8PVH1	639	0	Basidiomycota	Agaricomycetes	Schizophyllum commune H4-8	578458	0.00021906786558250385	33.599999999999994	1130.4	1130.10461425781	0.0							
E3QV85	656	0	Ascomycota	Sordariomycetes	Colletotrichum graminicola M1.001	645133	0.0002497227114343345	33.599999999999994	1240.7	1240.49353027344	0.0							
E3RDM4	665	0	Ascomycota	Dothideomycetes	Pyrenophora teres f. teres 0-1	861557	0.00028961420656757207	34.0	1268.9	1268.72692871094	0.0							
E4ZS94	665	0	Ascomycota	Dothideomycetes	Plenodomus lingam JN3	985895	0.00028961420656757207	34.0	1272.3	1272.17333984375	0.0							
EAA66666.1	686	1	Platyhelminthes	Cestoda	Lyruterina	227341	1.1121432580997685e-05	33.9				2	17.4	6	14	1	1	0
F0X7T2	656	0	Ascomycota	Sordariomycetes	Grosmannia clavigera kw1407	655863	0.0002497227114343345	33.599999999999994	1234.3	1234.0185546875	0.0							
F8Q303	639	0	Basidiomycota	Agaricomycetes	Serpula lacrymans var. lacrymans S7.3	936435	0.00021906786558250385	33.599999999999994	1115.2	1114.88684082031	0.0	2	166.7	9.6	6	1	1	0
F9F678	656	0	Ascomycota	Sordariomycetes	Fusarium oxysporum f. sp. conglutinans Fo5176	660025	0.0002497227114343345	33.599999999999994	1235.5	1235.16882324219	0.0							
F9XCV2	664	0	Ascomycota	Dothideomycetes	Zymoseptoria tritici IPO323	336722	0.0009534689471297721	33.9	1271.7	1271.52807617188	0.0							
G0RRS1	654	0	Ascomycota	Sordariomycetes	Trichoderma reesei QM6a	431241	0.0002497227114343345	33.599999999999994	1240.2	1239.95935058594	0.0							
G2QME6	648	0	Ascomycota	Sordariomycetes	Thermothelomyces thermophilus ATCC 42464	573729	0.0002497227114343345	33.599999999999994	1161.9	1161.56164550781	0.0							
G2R1V2	656	0	Ascomycota	Sordariomycetes	Thermothielavioides terrestris NRRL 8126	578455	0.0002497227114343345	33.599999999999994	1227.3	1226.99340820312	0.0							
G2XHT3	637	0	Ascomycota	Sordariomycetes	Verticillium dahliae VdLs.17	498257	0.0002497227114343345	33.599999999999994	1163.8	1162.5537109375	0.0							
G2XS59	657	0	Ascomycota	Leotiomycetes	Botrytis cinerea T4	999810	0.0002497227114343345	33.599999999999994	1253.9	1253.76782226562	0.0							
G4N5G7	666	0	Ascomycota	Sordariomycetes	Pyricularia oryzae 70-15	242507	0.0002497227114343345	33.8	1222.3	1222.09875488281	0.0							
G4U5F6	654	0	Ascomycota	Sordariomycetes	Neurospora tetrasperma FGSC 2509	510952	0.0002497227114343345	33.599999999999994	1220.0	1219.69836425781	0.0							
G9N8S0	654	0	Ascomycota	Sordariomycetes	Trichoderma virens Gv29-8	413071	0.0002497227114343345	33.599999999999994	1235.3	1235.0751953125	0.0							
G9NP24	653	0	Ascomycota	Sordariomycetes	Trichoderma atroviride IMI 206040	452589	0.0002497227114343345	33.599999999999994	1231.8	1231.55041503906	0.0							
H0ELG6	632	0	Ascomycota	Leotiomycetes	Glarea lozoyensis 74030	1104152	0.0002497227114343345	33.599999999999994	1224.9	1224.62060546875	0.0							
H6BU34	665	0	Ascomycota	Eurotiomycetes	Exophiala dermatitidis NIH/UT8656	858893	0.0004887094078415678	33.9	1244.3	1244.123046875	0.0							
J3PH24	656	0	Ascomycota	Sordariomycetes	Gaeumannomyces tritici R3-111a-1	644352	0.0002497227114343345	33.599999999999994	1225.6	1225.45764160156	0.0							
J4IBN1	646	0	Basidiomycota	Agaricomycetes	Fibroporia radiculosa	599839	0.0008159640056539039	33.599999999999994	1126.8	1126.58276367188	0.0							
K1Y422	656	0	Ascomycota	Leotiomycetes	Drepanopeziza brunnea f. sp. 'multigermtubi' MB_m1	1072389	0.0002497227114343345	33.599999999999994	1269.9	1269.748046875	0.0							
K5WGG5	651	0	Basidiomycota	Agaricomycetes	Phanerochaete carnosa HHB-10118-sp	650164	0.007014311113091804	33.9	1137.6	1137.43591308594	0.0							
K5XK42	639	0	Basidiomycota	Agaricomycetes	Agaricus bisporus var. burnettii JB137-S8	597362	0.00021906786558250385	33.599999999999994	1120.0	1119.748046875	0.0							
L2FC28	659	0	Ascomycota	Sordariomycetes	Colletotrichum fructicola Nara gc5	1213859	0.0002497227114343345	33.599999999999994	1257.0	1256.75146484375	0.0							
M2PWC9	642	0	Basidiomycota	Agaricomycetes	Gelatoporia subvermispora B	914234	0.0008159640056539039	33.599999999999994	1129.6	1129.47387695312	0.0							
M2RHN8	665	0	Ascomycota	Dothideomycetes	Bipolaris sorokiniana ND90Pr	665912	0.00028961420656757207	34.0	1290.6	1290.44580078125	0.0							
M2V4S3	665	0	Ascomycota	Dothideomycetes	Bipolaris maydis C5	701091	0.00028961420656757207	34.0	1291.0	1290.84619140625	0.0							
M2YUV9	663	0	Ascomycota	Dothideomycetes	Pseudocercospora fijiensis CIRAD86	383855	0.0009534689471297721	33.8	1262.7	1262.560546875	0.0							
M3CF66	666	0	Ascomycota	Dothideomycetes	Sphaerulina musiva SO2202	692275	0.0009534689471297721	33.9	1237.5	1237.32397460938	0.0							
M5GCQ7	648	0	Basidiomycota	Dacrymycetes	Dacryopinax primogenitus	1858805	0.00015868382307213794	33.699999999999996	1110.4	1110.25610351562	0.0							
M7UID6	655	0	Ascomycota	Leotiomycetes	Botrytis cinerea BcDW1	1290391	0.0002497227114343345	33.599999999999994	1264.8	1264.65087890625	0.0							
N1PK14	665	0	Ascomycota	Dothideomycetes	Dothistroma septosporum NZE10	675120	0.0009534689471297721	34.0	1275.9	1275.73852539062	0.0							
N1S467	656	0	Ascomycota	Sordariomycetes	Fusarium odoratissimum	2502994	0.0002497227114343345	33.599999999999994	1237.9	1237.583984375	0.0							
N4TXI0	656	0	Ascomycota	Sordariomycetes	Fusarium oxysporum f. sp. cubense race 1	1229664	0.0002497227114343345	33.599999999999994	1237.9	1237.583984375	0.0							
N4VAA4	656	0	Ascomycota	Sordariomycetes	Colletotrichum orbiculare MAFF 240422	1213857	0.0002497227114343345	33.599999999999994	1249.0	1248.78454589844	0.0							
Q0CAU6	668	0	Ascomycota	Eurotiomycetes	Aspergillus terreus NIH2624	341663	0.0009667383290631679	34.0	1277.8	1277.68420410156	0.0							
Q0UYY5	665	0	Ascomycota	Dothideomycetes	Parastagonospora nodorum SN15	321614	0.00028961420656757207	34.0	1268.7	1268.49291992188	0.0							
Q2H3S5	655	0	Ascomycota	Sordariomycetes	Chaetomium globosum CBS 148.51	306901	0.0002497227114343345	33.599999999999994	1221.9	1221.57971191406	0.0							
Q2UNA0	700	0	Ascomycota	Eurotiomycetes	Aspergillus oryzae RIB40	510516	0.0009667383290631679	33.9	1216.6	1215.66833496094	0.0							
Q5BFW3	686	0	Ascomycota	Eurotiomycetes	Aspergillus nidulans FGSC A4	227321	0.0009667383290631679	33.9	1278.2	1277.99206542969	0.0							
R0JW60	665	0	Ascomycota	Dothideomycetes	Exserohilum turcica Et28A	671987	0.00028961420656757207	34.0	1288.6	1288.44360351562	0.0							
R1EEN8	666	0	Ascomycota	Dothideomycetes	Neofusicoccum parvum UCRNP2	1287680	0.00028961420656757207	34.0	1250.1	1249.97094726562	0.0							
R7SWA7	643	0	Basidiomycota	Agaricomycetes	Dichomitus squalens LYAD-421 SS1	732165	0.0008159640056539039	33.599999999999994	1131.9	1131.56518554688	0.0							
R7YPA1	665	0	Ascomycota	Dothideomycetes	Coniosporium apollinis CBS 100218	1168221	0.00028961420656757207	34.0	1271.7	1271.51867675781	0.0							
R8BGK6	655	0	Ascomycota	Sordariomycetes	Phaeoacremonium minimum UCRPA7	1286976	0.0002497227114343345	33.599999999999994	1244.5	1244.19287109375	0.0							
S0DVK4	656	0	Ascomycota	Sordariomycetes	Fusarium fujikuroi IMI 58289	1279085	0.0002497227114343345	33.599999999999994	1238.0	1237.69274902344	0.0							
S3CPI0	656	0	Ascomycota	Leotiomycetes	Glarea lozoyensis ATCC 20868	1116229	0.0002497227114343345	33.599999999999994	1269.1	1268.92456054688	0.0							
S3D7K6	656	0	Ascomycota	Sordariomycetes	Ophiostoma piceae UAMH 11346	1262450	0.0002497227114343345	33.599999999999994	1214.1	1213.85034179688	0.0							
S7RFS3	641	0	Basidiomycota	Agaricomycetes	Gloeophyllum trabeum ATCC 11539	670483	0.00021906786558250385	33.599999999999994	1135.9	1135.63330078125	0.0							
XP_007868339.1	641	1	Basidiomycota	Agaricomycetes	Gloeophyllum trabeum ATCC 11539	670483	0.00021906786558250385	33.599999999999994										
T0KZZ1	659	0	Ascomycota	Sordariomycetes	Colletotrichum gloeosporioides Cg-14	1237896	0.0002497227114343345	33.599999999999994	1256.4	1256.1650390625	0.0							
V2WB91	642	0	Basidiomycota	Agaricomycetes	Moniliophthora roreri MCA 2997	1381753	0.00021906786558250385	33.599999999999994	1141.9	1141.74145507812	0.0							
V5FXD6	664	0	Ascomycota	Eurotiomycetes	Paecilomyces variotii No. 5	1356009	1.0264194855852047	33.9	1279.4	1279.23254394531	0.0							
W1QCJ3	664	0	Ascomycota	Saccharomycetes	Ogataea parapolymorpha DL-1	871575	0.07674238779700017	34.0	1312.2	1312.03076171875	0.0							
W2S189	673	0	Ascomycota	Eurotiomycetes	Cyphellophora europaea CBS 101466	1220924	0.0004887094078415678	33.9	1215.7	1215.50402832031	0.0							
W3XJD9	654	0	Ascomycota	Sordariomycetes	Pestalotiopsis fici W106-1	1229662	0.0002497227114343345	33.599999999999994	1239.7	1239.44189453125	0.0							
W4JTB1	644	0	Basidiomycota	Agaricomycetes	Heterobasidion irregulare TC 32-1	747525	0.00021906786558250385	33.599999999999994	1111.9	1111.75964355469	0.0	2	0	0	0	0	0	0
W6MF75	663	0	Ascomycota	Saccharomycetes	Kuraishia capsulata CBS 1993	1382522	0.003968060674847534	34.0	1290.7	1290.52465820312	0.0							
W6Q7N2	655	0	Ascomycota	Eurotiomycetes	Penicillium roqueforti FM164	1365484	0.001181008738319568	33.599999999999994	1164.9	1164.64379882812	0.0							
W6QZY1	665	0	Ascomycota	Eurotiomycetes	Penicillium roqueforti FM164	1365484	0.001181008738319568	33.9	1278.8	1278.65893554688	0.0							
W6YIK7	665	0	Ascomycota	Dothideomycetes	Bipolaris zeicola 26-R-13	930089	0.00028961420656757207	34.0	1293.9	1293.72192382812	0.0							
W7N4L9	654	0	Ascomycota	Sordariomycetes	Fusarium verticillioides 7600	334819	0.0002497227114343345	33.599999999999994	1239.8	1239.50048828125	0.0							
W9CNQ9	657	0	Ascomycota	Leotiomycetes	Sclerotinia borealis F-4128	1432307	0.0002497227114343345	33.599999999999994	1249.3	1249.15759277344	0.0							
W9J4H7	656	0	Ascomycota	Sordariomycetes	Fusarium oxysporum NRRL 32931	660029	0.0002497227114343345	33.599999999999994	1237.9	1237.583984375	0.0							
W9W4X4	666	0	Ascomycota	Eurotiomycetes	Cladophialophora yegresii CBS 114405	1182544	0.0004887094078415678	33.9	1232.5	1232.30065917969	0.0	2	0	0	0	0	0	0
W9X977	666	0	Ascomycota	Eurotiomycetes	Cladophialophora psammophila CBS 110553	1182543	0.0004887094078415678	33.9	1243.2	1243.04626464844	0.0							
W9Y7V1	665	0	Ascomycota	Eurotiomycetes	Capronia coronata CBS 617.96	1182541	0.0004887094078415678	33.9	1226.5	1226.30725097656	0.0							
W9YRP8	665	0	Ascomycota	Eurotiomycetes	Capronia epimyces CBS 606.96	1182542	0.0004887094078415678	33.9	1243.2	1243.07543945312	0.0							
X0CZJ3	656	0	Ascomycota	Sordariomycetes	Fusarium oxysporum f. sp. raphani 54005	1089458	0.0002497227114343345	33.599999999999994	1237.9	1237.583984375	0.0							
XP_001838223.2	639	1	Streptophyta	Magnoliopsida	Euphrasia nankotaizanensis	240179	1.1121432580997685e-05	33.599999999999994				2	39.1	1.2	23	1	1	0
